# Description: This file contains monthly means and monthly anomalies for surface air temperature from ERA5 averaged over the global domain (0–360°E, 90°S–90°N) from 1940 to 2023.
# Reference period: Anomalies are calculated relative to the average for the 1991-2020 reference period. The monthly climatology is provided in the '2t_clim' column.
# Link to the original gridded data: https://cds.climate.copernicus.eu/cdsapp#!/dataset/reanalysis-era5-single-levels-monthly-means
# Columns:
#   2t: Monthly absolute temperature
#   2t_clim_91-20: Monthly climatology for 1991-2020 
#   2t_ano_91-20: Monthly anomaly relative to 1991-2020
# Units: deg. C
# Last updated: 04 Dec 2023
date,2t,2t_clim_91-20,2t_ano_91-20
1940-01-01,11.50,12.44,-0.95
1940-02-01,11.87,12.73,-0.86
1940-03-01,12.52,13.41,-0.89
1940-04-01,13.76,14.36,-0.60
1940-05-01,14.75,15.26,-0.52
1940-06-01,15.31,15.98,-0.67
1940-07-01,15.78,16.23,-0.45
1940-08-01,15.61,16.11,-0.50
1940-09-01,14.81,15.45,-0.63
1940-10-01,13.63,14.45,-0.81
1940-11-01,12.61,13.37,-0.76
1940-12-01,12.07,12.67,-0.60
1941-01-01,11.76,12.44,-0.68
1941-02-01,12.19,12.73,-0.54
1941-03-01,12.70,13.41,-0.71
1941-04-01,13.55,14.36,-0.81
1941-05-01,14.65,15.26,-0.61
1941-06-01,15.49,15.98,-0.49
1941-07-01,15.69,16.23,-0.54
1941-08-01,15.64,16.11,-0.47
1941-09-01,14.59,15.45,-0.85
1941-10-01,13.94,14.45,-0.51
1941-11-01,12.59,13.37,-0.78
1941-12-01,11.97,12.67,-0.69
1942-01-01,11.88,12.44,-0.56
1942-02-01,11.93,12.73,-0.80
1942-03-01,12.70,13.41,-0.71
1942-04-01,13.56,14.36,-0.80
1942-05-01,14.65,15.26,-0.61
1942-06-01,15.30,15.98,-0.68
1942-07-01,15.50,16.23,-0.73
1942-08-01,15.36,16.11,-0.75
1942-09-01,14.71,15.45,-0.74
1942-10-01,13.72,14.45,-0.72
1942-11-01,12.50,13.37,-0.87
1942-12-01,11.85,12.67,-0.82
1943-01-01,11.62,12.44,-0.82
1943-02-01,12.05,12.73,-0.68
1943-03-01,12.52,13.41,-0.89
1943-04-01,13.59,14.36,-0.77
1943-05-01,14.63,15.26,-0.63
1943-06-01,15.22,15.98,-0.76
1943-07-01,15.49,16.23,-0.74
1943-08-01,15.34,16.11,-0.78
1943-09-01,14.74,15.45,-0.71
1943-10-01,13.80,14.45,-0.65
1943-11-01,12.69,13.37,-0.68
1943-12-01,12.06,12.67,-0.61
1944-01-01,12.05,12.44,-0.39
1944-02-01,12.23,12.73,-0.50
1944-03-01,12.95,13.41,-0.46
1944-04-01,13.73,14.36,-0.63
1944-05-01,14.66,15.26,-0.60
1944-06-01,15.47,15.98,-0.52
1944-07-01,15.70,16.23,-0.53
1944-08-01,15.64,16.11,-0.47
1944-09-01,15.03,15.45,-0.41
1944-10-01,13.99,14.45,-0.46
1944-11-01,12.68,13.37,-0.69
1944-12-01,11.90,12.67,-0.76
1945-01-01,11.70,12.44,-0.74
1945-02-01,11.81,12.73,-0.92
1945-03-01,12.60,13.41,-0.81
1945-04-01,13.70,14.36,-0.66
1945-05-01,14.53,15.26,-0.73
1945-06-01,15.45,15.98,-0.53
1945-07-01,15.58,16.23,-0.65
1945-08-01,15.78,16.11,-0.34
1945-09-01,14.92,15.45,-0.53
1945-10-01,13.89,14.45,-0.56
1945-11-01,12.61,13.37,-0.76
1945-12-01,11.80,12.67,-0.87
1946-01-01,11.82,12.44,-0.62
1946-02-01,12.00,12.73,-0.73
1946-03-01,12.76,13.41,-0.65
1946-04-01,13.74,14.36,-0.62
1946-05-01,14.71,15.26,-0.55
1946-06-01,15.34,15.98,-0.64
1946-07-01,15.65,16.23,-0.58
1946-08-01,15.44,16.11,-0.67
1946-09-01,14.79,15.45,-0.65
1946-10-01,13.67,14.45,-0.78
1946-11-01,12.65,13.37,-0.72
1946-12-01,11.83,12.67,-0.84
1947-01-01,11.81,12.44,-0.63
1947-02-01,12.00,12.73,-0.73
1947-03-01,12.83,13.41,-0.58
1947-04-01,13.85,14.36,-0.51
1947-05-01,14.69,15.26,-0.57
1947-06-01,15.46,15.98,-0.52
1947-07-01,15.69,16.23,-0.54
1947-08-01,15.45,16.11,-0.66
1947-09-01,14.75,15.45,-0.69
1947-10-01,13.87,14.45,-0.58
1947-11-01,12.68,13.37,-0.69
1947-12-01,11.85,12.67,-0.82
1948-01-01,11.79,12.44,-0.65
1948-02-01,11.89,12.73,-0.84
1948-03-01,12.52,13.41,-0.89
1948-04-01,13.62,14.36,-0.74
1948-05-01,14.72,15.26,-0.55
1948-06-01,15.38,15.98,-0.60
1948-07-01,15.63,16.23,-0.60
1948-08-01,15.54,16.11,-0.57
1948-09-01,14.73,15.45,-0.72
1948-10-01,13.86,14.45,-0.58
1948-11-01,12.75,13.37,-0.62
1948-12-01,11.77,12.67,-0.90
1949-01-01,11.90,12.44,-0.54
1949-02-01,11.98,12.73,-0.75
1949-03-01,12.71,13.41,-0.70
1949-04-01,13.63,14.36,-0.73
1949-05-01,14.65,15.26,-0.61
1949-06-01,15.30,15.98,-0.68
1949-07-01,15.67,16.23,-0.56
1949-08-01,15.45,16.11,-0.67
1949-09-01,14.81,15.45,-0.63
1949-10-01,13.78,14.45,-0.67
1949-11-01,12.72,13.37,-0.65
1949-12-01,11.99,12.67,-0.67
1950-01-01,11.53,12.44,-0.91
1950-02-01,11.79,12.73,-0.94
1950-03-01,12.64,13.41,-0.77
1950-04-01,13.52,14.36,-0.84
1950-05-01,14.56,15.26,-0.70
1950-06-01,15.34,15.98,-0.64
1950-07-01,15.52,16.23,-0.71
1950-08-01,15.30,16.11,-0.82
1950-09-01,14.78,15.45,-0.66
1950-10-01,13.80,14.45,-0.65
1950-11-01,12.47,13.37,-0.90
1950-12-01,12.00,12.67,-0.66
1951-01-01,11.52,12.44,-0.92
1951-02-01,11.68,12.73,-1.05
1951-03-01,12.56,13.41,-0.85
1951-04-01,13.64,14.36,-0.72
1951-05-01,14.85,15.26,-0.41
1951-06-01,15.48,15.98,-0.50
1951-07-01,15.56,16.23,-0.67
1951-08-01,15.62,16.11,-0.49
1951-09-01,14.95,15.45,-0.49
1951-10-01,13.96,14.45,-0.48
1951-11-01,12.79,13.37,-0.58
1951-12-01,12.20,12.67,-0.46
1952-01-01,11.93,12.44,-0.51
1952-02-01,12.14,12.73,-0.59
1952-03-01,12.67,13.41,-0.74
1952-04-01,13.66,14.36,-0.71
1952-05-01,14.70,15.26,-0.56
1952-06-01,15.44,15.98,-0.54
1952-07-01,15.69,16.23,-0.54
1952-08-01,15.42,16.11,-0.69
1952-09-01,14.83,15.45,-0.61
1952-10-01,13.75,14.45,-0.69
1952-11-01,12.46,13.37,-0.91
1952-12-01,11.96,12.67,-0.70
1953-01-01,11.79,12.44,-0.65
1953-02-01,12.12,12.73,-0.61
1953-03-01,12.76,13.41,-0.65
1953-04-01,13.86,14.36,-0.50
1953-05-01,14.87,15.26,-0.39
1953-06-01,15.46,15.98,-0.52
1953-07-01,15.73,16.23,-0.50
1953-08-01,15.58,16.11,-0.53
1953-09-01,14.81,15.45,-0.63
1953-10-01,13.85,14.45,-0.60
1953-11-01,12.68,13.37,-0.69
1953-12-01,12.07,12.67,-0.60
1954-01-01,11.57,12.44,-0.88
1954-02-01,11.93,12.73,-0.80
1954-03-01,12.66,13.41,-0.75
1954-04-01,13.59,14.36,-0.77
1954-05-01,14.62,15.26,-0.64
1954-06-01,15.25,15.98,-0.73
1954-07-01,15.50,16.23,-0.73
1954-08-01,15.31,16.11,-0.80
1954-09-01,14.57,15.45,-0.88
1954-10-01,13.67,14.45,-0.77
1954-11-01,12.69,13.37,-0.68
1954-12-01,11.85,12.67,-0.81
1955-01-01,11.86,12.44,-0.58
1955-02-01,11.81,12.73,-0.92
1955-03-01,12.38,13.41,-1.02
1955-04-01,13.52,14.36,-0.84
1955-05-01,14.54,15.26,-0.72
1955-06-01,15.26,15.98,-0.72
1955-07-01,15.47,16.23,-0.76
1955-08-01,15.51,16.11,-0.60
1955-09-01,14.76,15.45,-0.68
1955-10-01,13.71,14.45,-0.74
1955-11-01,12.45,13.37,-0.92
1955-12-01,11.72,12.67,-0.95
1956-01-01,11.69,12.44,-0.76
1956-02-01,11.85,12.73,-0.88
1956-03-01,12.57,13.41,-0.84
1956-04-01,13.48,14.36,-0.88
1956-05-01,14.43,15.26,-0.84
1956-06-01,15.18,15.98,-0.80
1956-07-01,15.45,16.23,-0.78
1956-08-01,15.23,16.11,-0.88
1956-09-01,14.52,15.45,-0.92
1956-10-01,13.46,14.45,-0.99
1956-11-01,12.52,13.37,-0.85
1956-12-01,11.92,12.67,-0.75
1957-01-01,11.65,12.44,-0.79
1957-02-01,11.93,12.73,-0.80
1957-03-01,12.60,13.41,-0.80
1957-04-01,13.70,14.36,-0.66
1957-05-01,14.72,15.26,-0.54
1957-06-01,15.51,15.98,-0.47
1957-07-01,15.65,16.23,-0.58
1957-08-01,15.58,16.11,-0.53
1957-09-01,14.91,15.45,-0.53
1957-10-01,13.92,14.45,-0.52
1957-11-01,12.86,13.37,-0.51
1957-12-01,12.21,12.67,-0.46
1958-01-01,12.15,12.44,-0.30
1958-02-01,12.26,12.73,-0.47
1958-03-01,12.87,13.41,-0.53
1958-04-01,13.82,14.36,-0.54
1958-05-01,14.83,15.26,-0.43
1958-06-01,15.44,15.98,-0.54
1958-07-01,15.74,16.23,-0.49
1958-08-01,15.53,16.11,-0.58
1958-09-01,14.79,15.45,-0.66
1958-10-01,13.82,14.45,-0.62
1958-11-01,12.74,13.37,-0.63
1958-12-01,12.06,12.67,-0.61
1959-01-01,11.93,12.44,-0.51
1959-02-01,12.17,12.73,-0.56
1959-03-01,12.98,13.41,-0.43
1959-04-01,13.89,14.36,-0.47
1959-05-01,14.73,15.26,-0.53
1959-06-01,15.47,15.98,-0.52
1959-07-01,15.70,16.23,-0.53
1959-08-01,15.52,16.11,-0.59
1959-09-01,14.74,15.45,-0.70
1959-10-01,13.81,14.45,-0.64
1959-11-01,12.63,13.37,-0.74
1959-12-01,12.07,12.67,-0.59
1960-01-01,11.87,12.44,-0.57
1960-02-01,12.24,12.73,-0.49
1960-03-01,12.50,13.41,-0.91
1960-04-01,13.62,14.36,-0.74
1960-05-01,14.64,15.26,-0.62
1960-06-01,15.41,15.98,-0.57
1960-07-01,15.65,16.23,-0.58
1960-08-01,15.58,16.11,-0.53
1960-09-01,14.82,15.45,-0.62
1960-10-01,13.88,14.45,-0.57
1960-11-01,12.65,13.37,-0.72
1960-12-01,12.23,12.67,-0.43
1961-01-01,11.92,12.44,-0.52
1961-02-01,12.24,12.73,-0.49
1961-03-01,12.85,13.41,-0.56
1961-04-01,13.84,14.36,-0.52
1961-05-01,14.83,15.26,-0.43
1961-06-01,15.52,15.98,-0.46
1961-07-01,15.74,16.23,-0.49
1961-08-01,15.56,16.11,-0.55
1961-09-01,14.93,15.45,-0.52
1961-10-01,13.87,14.45,-0.58
1961-11-01,12.76,13.37,-0.61
1961-12-01,11.95,12.67,-0.72
1962-01-01,11.85,12.44,-0.59
1962-02-01,12.20,12.73,-0.53
1962-03-01,12.85,13.41,-0.56
1962-04-01,13.77,14.36,-0.59
1962-05-01,14.63,15.26,-0.63
1962-06-01,15.33,15.98,-0.65
1962-07-01,15.69,16.23,-0.54
1962-08-01,15.51,16.11,-0.60
1962-09-01,14.80,15.45,-0.65
1962-10-01,13.84,14.45,-0.61
1962-11-01,12.77,13.37,-0.60
1962-12-01,12.04,12.67,-0.62
1963-01-01,11.79,12.44,-0.65
1963-02-01,12.19,12.73,-0.53
1963-03-01,12.56,13.41,-0.85
1963-04-01,13.63,14.36,-0.73
1963-05-01,14.64,15.26,-0.62
1963-06-01,15.46,15.98,-0.52
1963-07-01,15.80,16.23,-0.43
1963-08-01,15.76,16.11,-0.35
1963-09-01,15.00,15.45,-0.45
1963-10-01,13.94,14.45,-0.50
1963-11-01,12.86,13.37,-0.51
1963-12-01,12.09,12.67,-0.58
1964-01-01,11.80,12.44,-0.64
1964-02-01,12.05,12.73,-0.68
1964-03-01,12.57,13.41,-0.84
1964-04-01,13.49,14.36,-0.87
1964-05-01,14.55,15.26,-0.71
1964-06-01,15.34,15.98,-0.64
1964-07-01,15.73,16.23,-0.50
1964-08-01,15.42,16.11,-0.69
1964-09-01,14.55,15.45,-0.90
1964-10-01,13.44,14.45,-1.00
1964-11-01,12.49,13.37,-0.88
1964-12-01,11.75,12.67,-0.91
1965-01-01,11.70,12.44,-0.74
1965-02-01,11.89,12.73,-0.84
1965-03-01,12.63,13.41,-0.78
1965-04-01,13.56,14.36,-0.80
1965-05-01,14.63,15.26,-0.63
1965-06-01,15.31,15.98,-0.67
1965-07-01,15.60,16.23,-0.63
1965-08-01,15.44,16.11,-0.67
1965-09-01,14.72,15.45,-0.72
1965-10-01,13.77,14.45,-0.68
1965-11-01,12.68,13.37,-0.69
1965-12-01,12.01,12.67,-0.66
1966-01-01,11.70,12.44,-0.74
1966-02-01,12.06,12.73,-0.67
1966-03-01,12.78,13.41,-0.63
1966-04-01,13.67,14.36,-0.70
1966-05-01,14.64,15.26,-0.62
1966-06-01,15.47,15.98,-0.51
1966-07-01,15.82,16.23,-0.41
1966-08-01,15.53,16.11,-0.58
1966-09-01,14.85,15.45,-0.60
1966-10-01,13.67,14.45,-0.78
1966-11-01,12.67,13.37,-0.70
1966-12-01,12.01,12.67,-0.66
1967-01-01,11.71,12.44,-0.73
1967-02-01,11.82,12.73,-0.91
1967-03-01,12.77,13.41,-0.64
1967-04-01,13.71,14.36,-0.66
1967-05-01,14.84,15.26,-0.42
1967-06-01,15.39,15.98,-0.59
1967-07-01,15.70,16.23,-0.53
1967-08-01,15.54,16.11,-0.57
1967-09-01,14.86,15.45,-0.58
1967-10-01,13.93,14.45,-0.52
1967-11-01,12.70,13.37,-0.67
1967-12-01,12.05,12.67,-0.61
1968-01-01,11.60,12.44,-0.84
1968-02-01,11.95,12.73,-0.78
1968-03-01,12.88,13.41,-0.53
1968-04-01,13.67,14.36,-0.69
1968-05-01,14.62,15.26,-0.64
1968-06-01,15.30,15.98,-0.69
1968-07-01,15.64,16.23,-0.59
1968-08-01,15.46,16.11,-0.65
1968-09-01,14.70,15.45,-0.74
1968-10-01,13.88,14.45,-0.56
1968-11-01,12.66,13.37,-0.71
1968-12-01,11.93,12.67,-0.74
1969-01-01,11.74,12.44,-0.70
1969-02-01,11.96,12.73,-0.77
1969-03-01,12.79,13.41,-0.62
1969-04-01,13.90,14.36,-0.46
1969-05-01,14.90,15.26,-0.37
1969-06-01,15.51,15.98,-0.48
1969-07-01,15.70,16.23,-0.53
1969-08-01,15.45,16.11,-0.66
1969-09-01,14.87,15.45,-0.58
1969-10-01,13.84,14.45,-0.61
1969-11-01,12.89,13.37,-0.48
1969-12-01,12.31,12.67,-0.35
1970-01-01,11.94,12.44,-0.50
1970-02-01,12.25,12.73,-0.47
1970-03-01,12.81,13.41,-0.59
1970-04-01,13.88,14.36,-0.48
1970-05-01,14.72,15.26,-0.55
1970-06-01,15.48,15.98,-0.50
1970-07-01,15.71,16.23,-0.52
1970-08-01,15.43,16.11,-0.68
1970-09-01,14.83,15.45,-0.61
1970-10-01,13.81,14.45,-0.64
1970-11-01,12.71,13.37,-0.66
1970-12-01,11.97,12.67,-0.70
1971-01-01,11.78,12.44,-0.66
1971-02-01,11.88,12.73,-0.85
1971-03-01,12.60,13.41,-0.81
1971-04-01,13.65,14.36,-0.71
1971-05-01,14.57,15.26,-0.69
1971-06-01,15.26,15.98,-0.72
1971-07-01,15.53,16.23,-0.70
1971-08-01,15.41,16.11,-0.70
1971-09-01,14.77,15.45,-0.68
1971-10-01,13.65,14.45,-0.79
1971-11-01,12.62,13.37,-0.75
1971-12-01,11.98,12.67,-0.69
1972-01-01,11.57,12.44,-0.87
1972-02-01,11.82,12.73,-0.91
1972-03-01,12.69,13.41,-0.72
1972-04-01,13.75,14.36,-0.61
1972-05-01,14.69,15.26,-0.57
1972-06-01,15.57,15.98,-0.41
1972-07-01,15.81,16.23,-0.42
1972-08-01,15.66,16.11,-0.46
1972-09-01,14.90,15.45,-0.55
1972-10-01,13.90,14.45,-0.55
1972-11-01,12.73,13.37,-0.64
1972-12-01,12.23,12.67,-0.44
1973-01-01,12.09,12.44,-0.36
1973-02-01,12.40,12.73,-0.33
1973-03-01,12.96,13.41,-0.44
1973-04-01,13.95,14.36,-0.42
1973-05-01,14.89,15.26,-0.37
1973-06-01,15.53,15.98,-0.46
1973-07-01,15.78,16.23,-0.45
1973-08-01,15.49,16.11,-0.62
1973-09-01,14.85,15.45,-0.59
1973-10-01,13.80,14.45,-0.64
1973-11-01,12.76,13.37,-0.61
1973-12-01,12.06,12.67,-0.61
1974-01-01,11.70,12.44,-0.74
1974-02-01,11.78,12.73,-0.95
1974-03-01,12.61,13.41,-0.79
1974-04-01,13.60,14.36,-0.76
1974-05-01,14.53,15.26,-0.73
1974-06-01,15.26,15.98,-0.72
1974-07-01,15.53,16.23,-0.70
1974-08-01,15.49,16.11,-0.62
1974-09-01,14.65,15.45,-0.79
1974-10-01,13.61,14.45,-0.83
1974-11-01,12.57,13.37,-0.80
1974-12-01,11.90,12.67,-0.76
1975-01-01,11.80,12.44,-0.64
1975-02-01,12.07,12.73,-0.66
1975-03-01,12.80,13.41,-0.61
1975-04-01,13.72,14.36,-0.64
1975-05-01,14.63,15.26,-0.63
1975-06-01,15.29,15.98,-0.69
1975-07-01,15.50,16.23,-0.73
1975-08-01,15.27,16.11,-0.84
1975-09-01,14.61,15.45,-0.84
1975-10-01,13.52,14.45,-0.93
1975-11-01,12.49,13.37,-0.88
1975-12-01,11.84,12.67,-0.82
1976-01-01,11.71,12.44,-0.73
1976-02-01,11.83,12.73,-0.90
1976-03-01,12.40,13.41,-1.01
1976-04-01,13.54,14.36,-0.82
1976-05-01,14.39,15.26,-0.88
1976-06-01,15.24,15.98,-0.74
1976-07-01,15.57,16.23,-0.66
1976-08-01,15.36,16.11,-0.75
1976-09-01,14.75,15.45,-0.70
1976-10-01,13.39,14.45,-1.06
1976-11-01,12.55,13.37,-0.82
1976-12-01,12.00,12.67,-0.67
1977-01-01,11.90,12.44,-0.54
1977-02-01,12.14,12.73,-0.59
1977-03-01,12.83,13.41,-0.58
1977-04-01,13.85,14.36,-0.51
1977-05-01,14.85,15.26,-0.41
1977-06-01,15.59,15.98,-0.39
1977-07-01,15.79,16.23,-0.44
1977-08-01,15.64,16.11,-0.47
1977-09-01,14.80,15.45,-0.65
1977-10-01,13.73,14.45,-0.72
1977-11-01,12.89,13.37,-0.48
1977-12-01,12.12,12.67,-0.54
1978-01-01,11.89,12.44,-0.56
1978-02-01,12.15,12.73,-0.58
1978-03-01,12.84,13.41,-0.57
1978-04-01,13.81,14.36,-0.55
1978-05-01,14.77,15.26,-0.49
1978-06-01,15.36,15.98,-0.63
1978-07-01,15.74,16.23,-0.49
1978-08-01,15.39,16.11,-0.72
1978-09-01,14.76,15.45,-0.68
1978-10-01,13.75,14.45,-0.70
1978-11-01,12.84,13.37,-0.53
1978-12-01,12.15,12.67,-0.51
1979-01-01,12.02,12.44,-0.42
1979-02-01,12.04,12.73,-0.69
1979-03-01,12.92,13.41,-0.49
1979-04-01,13.85,14.36,-0.51
1979-05-01,14.81,15.26,-0.45
1979-06-01,15.55,15.98,-0.43
1979-07-01,15.73,16.23,-0.50
1979-08-01,15.70,16.11,-0.41
1979-09-01,15.07,15.45,-0.38
1979-10-01,14.08,14.45,-0.36
1979-11-01,12.99,13.37,-0.38
1979-12-01,12.53,12.67,-0.13
1980-01-01,12.14,12.44,-0.30
1980-02-01,12.48,12.73,-0.25
1980-03-01,13.13,13.41,-0.28
1980-04-01,14.18,14.36,-0.18
1980-05-01,15.17,15.26,-0.09
1980-06-01,15.73,15.98,-0.25
1980-07-01,16.02,16.23,-0.21
1980-08-01,15.83,16.11,-0.28
1980-09-01,15.08,15.45,-0.37
1980-10-01,13.99,14.45,-0.46
1980-11-01,12.94,13.37,-0.43
1980-12-01,12.19,12.67,-0.47
1981-01-01,12.27,12.44,-0.17
1981-02-01,12.48,12.73,-0.25
1981-03-01,13.25,13.41,-0.16
1981-04-01,14.15,14.36,-0.21
1981-05-01,15.03,15.26,-0.23
1981-06-01,15.73,15.98,-0.25
1981-07-01,15.99,16.23,-0.24
1981-08-01,15.88,16.11,-0.24
1981-09-01,15.11,15.45,-0.34
1981-10-01,14.03,14.45,-0.42
1981-11-01,12.95,13.37,-0.43
1981-12-01,12.43,12.67,-0.23
1982-01-01,11.86,12.44,-0.58
1982-02-01,12.24,12.73,-0.49
1982-03-01,12.77,13.41,-0.64
1982-04-01,13.82,14.36,-0.54
1982-05-01,14.89,15.26,-0.37
1982-06-01,15.56,15.98,-0.42
1982-07-01,15.89,16.23,-0.34
1982-08-01,15.66,16.11,-0.45
1982-09-01,14.98,15.45,-0.47
1982-10-01,13.93,14.45,-0.52
1982-11-01,12.85,13.37,-0.52
1982-12-01,12.43,12.67,-0.23
1983-01-01,12.29,12.44,-0.15
1983-02-01,12.54,12.73,-0.19
1983-03-01,13.22,13.41,-0.19
1983-04-01,14.08,14.36,-0.28
1983-05-01,15.13,15.26,-0.13
1983-06-01,15.72,15.98,-0.27
1983-07-01,15.91,16.23,-0.32
1983-08-01,15.86,16.11,-0.25
1983-09-01,15.25,15.45,-0.20
1983-10-01,13.97,14.45,-0.48
1983-11-01,13.02,13.37,-0.35
1983-12-01,12.24,12.67,-0.42
1984-01-01,12.04,12.44,-0.40
1984-02-01,12.17,12.73,-0.56
1984-03-01,13.02,13.41,-0.39
1984-04-01,13.89,14.36,-0.47
1984-05-01,15.05,15.26,-0.21
1984-06-01,15.48,15.98,-0.51
1984-07-01,15.70,16.23,-0.53
1984-08-01,15.67,16.11,-0.44
1984-09-01,14.96,15.45,-0.49
1984-10-01,13.92,14.45,-0.52
1984-11-01,12.72,13.37,-0.65
1984-12-01,12.06,12.67,-0.60
1985-01-01,12.02,12.44,-0.42
1985-02-01,12.03,12.73,-0.69
1985-03-01,12.88,13.41,-0.53
1985-04-01,13.89,14.36,-0.47
1985-05-01,14.82,15.26,-0.44
1985-06-01,15.52,15.98,-0.47
1985-07-01,15.69,16.23,-0.54
1985-08-01,15.72,16.11,-0.39
1985-09-01,14.93,15.45,-0.52
1985-10-01,13.80,14.45,-0.65
1985-11-01,12.78,13.37,-0.59
1985-12-01,12.12,12.67,-0.55
1986-01-01,12.01,12.44,-0.43
1986-02-01,12.35,12.73,-0.38
1986-03-01,13.00,13.41,-0.41
1986-04-01,14.06,14.36,-0.30
1986-05-01,14.99,15.26,-0.27
1986-06-01,15.53,15.98,-0.45
1986-07-01,15.78,16.23,-0.45
1986-08-01,15.67,16.11,-0.44
1986-09-01,14.92,15.45,-0.53
1986-10-01,13.85,14.45,-0.59
1986-11-01,12.87,13.37,-0.50
1986-12-01,12.22,12.67,-0.45
1987-01-01,12.11,12.44,-0.33
1987-02-01,12.44,12.73,-0.29
1987-03-01,12.93,13.41,-0.48
1987-04-01,14.03,14.36,-0.33
1987-05-01,14.99,15.26,-0.27
1987-06-01,15.79,15.98,-0.19
1987-07-01,16.14,16.23,-0.09
1987-08-01,15.84,16.11,-0.27
1987-09-01,15.22,15.45,-0.22
1987-10-01,14.10,14.45,-0.35
1987-11-01,13.00,13.37,-0.37
1987-12-01,12.54,12.67,-0.13
1988-01-01,12.31,12.44,-0.13
1988-02-01,12.40,12.73,-0.33
1988-03-01,13.22,13.41,-0.19
1988-04-01,14.17,14.36,-0.19
1988-05-01,15.16,15.26,-0.10
1988-06-01,15.83,15.98,-0.16
1988-07-01,16.03,16.23,-0.20
1988-08-01,15.95,16.11,-0.17
1988-09-01,15.26,15.45,-0.19
1988-10-01,14.09,14.45,-0.35
1988-11-01,12.80,13.37,-0.57
1988-12-01,12.30,12.67,-0.37
1989-01-01,11.85,12.44,-0.60
1989-02-01,12.39,12.73,-0.34
1989-03-01,13.05,13.41,-0.36
1989-04-01,14.05,14.36,-0.31
1989-05-01,14.85,15.26,-0.41
1989-06-01,15.58,15.98,-0.41
1989-07-01,15.99,16.23,-0.24
1989-08-01,15.79,16.11,-0.32
1989-09-01,15.16,15.45,-0.28
1989-10-01,14.07,14.45,-0.38
1989-11-01,12.88,13.37,-0.49
1989-12-01,12.43,12.67,-0.24
1990-01-01,12.21,12.44,-0.23
1990-02-01,12.45,12.73,-0.27
1990-03-01,13.48,13.41,0.07
1990-04-01,14.31,14.36,-0.05
1990-05-01,15.24,15.26,-0.02
1990-06-01,15.80,15.98,-0.18
1990-07-01,16.15,16.23,-0.08
1990-08-01,15.95,16.11,-0.17
1990-09-01,15.22,15.45,-0.23
1990-10-01,14.29,14.45,-0.16
1990-11-01,13.25,13.37,-0.12
1990-12-01,12.52,12.67,-0.15
1991-01-01,12.28,12.44,-0.17
1991-02-01,12.61,12.73,-0.12
1991-03-01,13.16,13.41,-0.25
1991-04-01,14.24,14.36,-0.12
1991-05-01,15.08,15.26,-0.18
1991-06-01,16.01,15.98,0.03
1991-07-01,16.18,16.23,-0.05
1991-08-01,15.97,16.11,-0.14
1991-09-01,15.24,15.45,-0.20
1991-10-01,14.10,14.45,-0.35
1991-11-01,13.01,13.37,-0.36
1991-12-01,12.33,12.67,-0.34
1992-01-01,12.23,12.44,-0.21
1992-02-01,12.48,12.73,-0.25
1992-03-01,13.16,13.41,-0.25
1992-04-01,13.94,14.36,-0.42
1992-05-01,14.92,15.26,-0.34
1992-06-01,15.66,15.98,-0.32
1992-07-01,15.77,16.23,-0.46
1992-08-01,15.62,16.11,-0.49
1992-09-01,14.84,15.45,-0.61
1992-10-01,13.84,14.45,-0.60
1992-11-01,12.75,13.37,-0.62
1992-12-01,12.20,12.67,-0.46
1993-01-01,12.13,12.44,-0.31
1993-02-01,12.42,12.73,-0.31
1993-03-01,13.05,13.41,-0.36
1993-04-01,14.04,14.36,-0.33
1993-05-01,14.97,15.26,-0.30
1993-06-01,15.68,15.98,-0.30
1993-07-01,15.88,16.23,-0.35
1993-08-01,15.73,16.11,-0.38
1993-09-01,14.93,15.45,-0.52
1993-10-01,14.02,14.45,-0.43
1993-11-01,12.83,13.37,-0.54
1993-12-01,12.31,12.67,-0.35
1994-01-01,12.05,12.44,-0.40
1994-02-01,12.09,12.73,-0.64
1994-03-01,12.99,13.41,-0.42
1994-04-01,14.08,14.36,-0.28
1994-05-01,14.91,15.26,-0.35
1994-06-01,15.73,15.98,-0.25
1994-07-01,15.95,16.23,-0.28
1994-08-01,15.73,16.11,-0.38
1994-09-01,15.21,15.45,-0.24
1994-10-01,14.15,14.45,-0.29
1994-11-01,13.12,13.37,-0.25
1994-12-01,12.39,12.67,-0.27
1995-01-01,12.31,12.44,-0.13
1995-02-01,12.79,12.73,0.07
1995-03-01,13.17,13.41,-0.24
1995-04-01,14.24,14.36,-0.12
1995-05-01,15.03,15.26,-0.24
1995-06-01,15.90,15.98,-0.09
1995-07-01,16.13,16.23,-0.10
1995-08-01,16.00,16.11,-0.11
1995-09-01,15.25,15.45,-0.20
1995-10-01,14.25,14.45,-0.20
1995-11-01,13.15,13.37,-0.22
1995-12-01,12.32,12.67,-0.34
1996-01-01,12.08,12.44,-0.36
1996-02-01,12.51,12.73,-0.22
1996-03-01,13.10,13.41,-0.31
1996-04-01,14.02,14.36,-0.34
1996-05-01,14.89,15.26,-0.37
1996-06-01,15.67,15.98,-0.32
1996-07-01,16.02,16.23,-0.21
1996-08-01,16.00,16.11,-0.11
1996-09-01,15.12,15.45,-0.33
1996-10-01,14.01,14.45,-0.44
1996-11-01,13.15,13.37,-0.22
1996-12-01,12.42,12.67,-0.25
1997-01-01,12.07,12.44,-0.37
1997-02-01,12.42,12.73,-0.31
1997-03-01,13.24,13.41,-0.17
1997-04-01,14.03,14.36,-0.33
1997-05-01,15.01,15.26,-0.25
1997-06-01,15.90,15.98,-0.08
1997-07-01,16.06,16.23,-0.17
1997-08-01,15.98,16.11,-0.13
1997-09-01,15.38,15.45,-0.06
1997-10-01,14.39,14.45,-0.05
1997-11-01,13.35,13.37,-0.02
1997-12-01,12.62,12.67,-0.05
1998-01-01,12.39,12.44,-0.05
1998-02-01,12.88,12.73,0.15
1998-03-01,13.37,13.41,-0.04
1998-04-01,14.48,14.36,0.12
1998-05-01,15.44,15.26,0.18
1998-06-01,16.17,15.98,0.18
1998-07-01,16.35,16.23,0.12
1998-08-01,16.25,16.11,0.14
1998-09-01,15.39,15.45,-0.05
1998-10-01,14.27,14.45,-0.18
1998-11-01,13.13,13.37,-0.24
1998-12-01,12.58,12.67,-0.09
1999-01-01,12.21,12.44,-0.23
1999-02-01,12.68,12.73,-0.05
1999-03-01,13.02,13.41,-0.39
1999-04-01,14.06,14.36,-0.30
1999-05-01,14.96,15.26,-0.30
1999-06-01,15.75,15.98,-0.23
1999-07-01,16.03,16.23,-0.20
1999-08-01,15.87,16.11,-0.24
1999-09-01,15.25,15.45,-0.20
1999-10-01,14.14,14.45,-0.30
1999-11-01,13.07,13.37,-0.30
1999-12-01,12.44,12.67,-0.22
2000-01-01,12.05,12.44,-0.39
2000-02-01,12.59,12.73,-0.14
2000-03-01,13.19,13.41,-0.22
2000-04-01,14.28,14.36,-0.08
2000-05-01,15.04,15.26,-0.22
2000-06-01,15.74,15.98,-0.24
2000-07-01,15.99,16.23,-0.24
2000-08-01,15.94,16.11,-0.18
2000-09-01,15.21,15.45,-0.24
2000-10-01,14.05,14.45,-0.40
2000-11-01,13.02,13.37,-0.35
2000-12-01,12.32,12.67,-0.34
2001-01-01,12.21,12.44,-0.23
2001-02-01,12.45,12.73,-0.28
2001-03-01,13.25,13.41,-0.16
2001-04-01,14.21,14.36,-0.15
2001-05-01,15.22,15.26,-0.05
2001-06-01,15.87,15.98,-0.11
2001-07-01,16.21,16.23,-0.02
2001-08-01,16.06,16.11,-0.05
2001-09-01,15.37,15.45,-0.08
2001-10-01,14.34,14.45,-0.11
2001-11-01,13.47,13.37,0.10
2001-12-01,12.70,12.67,0.03
2002-01-01,12.54,12.44,0.10
2002-02-01,12.72,12.73,-0.01
2002-03-01,13.60,13.41,0.19
2002-04-01,14.30,14.36,-0.06
2002-05-01,15.34,15.26,0.08
2002-06-01,16.01,15.98,0.02
2002-07-01,16.26,16.23,0.03
2002-08-01,16.06,16.11,-0.05
2002-09-01,15.45,15.45,0.01
2002-10-01,14.37,14.45,-0.08
2002-11-01,13.32,13.37,-0.05
2002-12-01,12.54,12.67,-0.12
2003-01-01,12.55,12.44,0.11
2003-02-01,12.64,12.73,-0.09
2003-03-01,13.24,13.41,-0.17
2003-04-01,14.24,14.36,-0.12
2003-05-01,15.25,15.26,-0.01
2003-06-01,15.84,15.98,-0.14
2003-07-01,16.18,16.23,-0.05
2003-08-01,16.16,16.11,0.05
2003-09-01,15.52,15.45,0.07
2003-10-01,14.55,14.45,0.10
2003-11-01,13.33,13.37,-0.04
2003-12-01,12.84,12.67,0.18
2004-01-01,12.40,12.44,-0.04
2004-02-01,12.76,12.73,0.03
2004-03-01,13.40,13.41,-0.01
2004-04-01,14.35,14.36,-0.01
2004-05-01,15.05,15.26,-0.21
2004-06-01,15.89,15.98,-0.09
2004-07-01,15.95,16.23,-0.28
2004-08-01,15.95,16.11,-0.16
2004-09-01,15.41,15.45,-0.04
2004-10-01,14.45,14.45,0.01
2004-11-01,13.44,13.37,0.07
2004-12-01,12.57,12.67,-0.10
2005-01-01,12.59,12.44,0.15
2005-02-01,12.74,12.73,0.01
2005-03-01,13.50,13.41,0.09
2005-04-01,14.43,14.36,0.07
2005-05-01,15.33,15.26,0.07
2005-06-01,16.06,15.98,0.08
2005-07-01,16.31,16.23,0.08
2005-08-01,16.14,16.11,0.03
2005-09-01,15.58,15.45,0.13
2005-10-01,14.62,14.45,0.17
2005-11-01,13.50,13.37,0.13
2005-12-01,12.77,12.67,0.10
2006-01-01,12.40,12.44,-0.04
2006-02-01,12.82,12.73,0.09
2006-03-01,13.40,13.41,-0.01
2006-04-01,14.29,14.36,-0.07
2006-05-01,15.19,15.26,-0.07
2006-06-01,16.06,15.98,0.08
2006-07-01,16.23,16.23,0.00
2006-08-01,16.18,16.11,0.07
2006-09-01,15.49,15.45,0.05
2006-10-01,14.58,14.45,0.14
2006-11-01,13.47,13.37,0.10
2006-12-01,12.86,12.67,0.20
2007-01-01,12.81,12.44,0.36
2007-02-01,12.82,12.73,0.09
2007-03-01,13.41,13.41,0.00
2007-04-01,14.54,14.36,0.17
2007-05-01,15.35,15.26,0.08
2007-06-01,15.96,15.98,-0.02
2007-07-01,16.24,16.23,0.01
2007-08-01,16.09,16.11,-0.02
2007-09-01,15.36,15.45,-0.09
2007-10-01,14.43,14.45,-0.01
2007-11-01,13.33,13.37,-0.04
2007-12-01,12.58,12.67,-0.09
2008-01-01,12.11,12.44,-0.33
2008-02-01,12.41,12.73,-0.32
2008-03-01,13.43,13.41,0.02
2008-04-01,14.23,14.36,-0.13
2008-05-01,15.16,15.26,-0.11
2008-06-01,15.78,15.98,-0.20
2008-07-01,16.21,16.23,-0.02
2008-08-01,16.03,16.11,-0.08
2008-09-01,15.42,15.45,-0.03
2008-10-01,14.48,14.45,0.04
2008-11-01,13.42,13.37,0.05
2008-12-01,12.62,12.67,-0.04
2009-01-01,12.50,12.44,0.06
2009-02-01,12.69,12.73,-0.03
2009-03-01,13.29,13.41,-0.12
2009-04-01,14.30,14.36,-0.06
2009-05-01,15.26,15.26,-0.00
2009-06-01,15.99,15.98,0.00
2009-07-01,16.37,16.23,0.14
2009-08-01,16.16,16.11,0.04
2009-09-01,15.55,15.45,0.10
2009-10-01,14.53,14.45,0.08
2009-11-01,13.51,13.37,0.14
2009-12-01,12.73,12.67,0.07
2010-01-01,12.64,12.44,0.19
2010-02-01,12.95,12.73,0.22
2010-03-01,13.68,13.41,0.27
2010-04-01,14.61,14.36,0.25
2010-05-01,15.46,15.26,0.20
2010-06-01,16.07,15.98,0.09
2010-07-01,16.28,16.23,0.05
2010-08-01,16.16,16.11,0.05
2010-09-01,15.55,15.45,0.10
2010-10-01,14.56,14.45,0.12
2010-11-01,13.50,13.37,0.13
2010-12-01,12.56,12.67,-0.10
2011-01-01,12.35,12.44,-0.09
2011-02-01,12.55,12.73,-0.18
2011-03-01,13.35,13.41,-0.06
2011-04-01,14.38,14.36,0.01
2011-05-01,15.22,15.26,-0.04
2011-06-01,16.00,15.98,0.02
2011-07-01,16.37,16.23,0.14
2011-08-01,16.22,16.11,0.11
2011-09-01,15.49,15.45,0.05
2011-10-01,14.48,14.45,0.03
2011-11-01,13.28,13.37,-0.09
2011-12-01,12.63,12.67,-0.04
2012-01-01,12.28,12.44,-0.17
2012-02-01,12.55,12.73,-0.18
2012-03-01,13.27,13.41,-0.14
2012-04-01,14.42,14.36,0.05
2012-05-01,15.44,15.26,0.17
2012-06-01,16.10,15.98,0.12
2012-07-01,16.27,16.23,0.04
2012-08-01,16.19,16.11,0.08
2012-09-01,15.56,15.45,0.11
2012-10-01,14.67,14.45,0.22
2012-11-01,13.57,13.37,0.20
2012-12-01,12.63,12.67,-0.03
2013-01-01,12.59,12.44,0.15
2013-02-01,12.75,12.73,0.02
2013-03-01,13.43,13.41,0.02
2013-04-01,14.33,14.36,-0.04
2013-05-01,15.28,15.26,0.02
2013-06-01,16.09,15.98,0.11
2013-07-01,16.20,16.23,-0.03
2013-08-01,16.17,16.11,0.05
2013-09-01,15.62,15.45,0.17
2013-10-01,14.50,14.45,0.05
2013-11-01,13.52,13.37,0.15
2013-12-01,12.79,12.67,0.13
2014-01-01,12.57,12.44,0.13
2014-02-01,12.63,12.73,-0.10
2014-03-01,13.50,13.41,0.09
2014-04-01,14.47,14.36,0.11
2014-05-01,15.44,15.26,0.18
2014-06-01,16.05,15.98,0.07
2014-07-01,16.29,16.23,0.06
2014-08-01,16.25,16.11,0.14
2014-09-01,15.63,15.45,0.18
2014-10-01,14.61,14.45,0.16
2014-11-01,13.42,13.37,0.05
2014-12-01,12.85,12.67,0.19
2015-01-01,12.63,12.44,0.19
2015-02-01,12.93,12.73,0.20
2015-03-01,13.64,13.41,0.23
2015-04-01,14.42,14.36,0.06
2015-05-01,15.44,15.26,0.18
2015-06-01,16.17,15.98,0.19
2015-07-01,16.38,16.23,0.15
2015-08-01,16.35,16.11,0.24
2015-09-01,15.71,15.45,0.27
2015-10-01,14.89,14.45,0.44
2015-11-01,13.76,13.37,0.39
2015-12-01,13.20,12.67,0.54
2016-01-01,12.99,12.44,0.55
2016-02-01,13.42,12.73,0.69
2016-03-01,14.03,13.41,0.63
2016-04-01,14.89,14.36,0.53
2016-05-01,15.68,15.26,0.42
2016-06-01,16.24,15.98,0.26
2016-07-01,16.59,16.23,0.36
2016-08-01,16.51,16.11,0.40
2016-09-01,15.80,15.45,0.36
2016-10-01,14.79,14.45,0.34
2016-11-01,13.78,13.37,0.40
2016-12-01,13.00,12.67,0.34
2017-01-01,12.85,12.44,0.40
2017-02-01,13.23,12.73,0.50
2017-03-01,13.91,13.41,0.50
2017-04-01,14.69,14.36,0.33
2017-05-01,15.63,15.26,0.37
2017-06-01,16.18,15.98,0.20
2017-07-01,16.49,16.23,0.26
2017-08-01,16.41,16.11,0.30
2017-09-01,15.73,15.45,0.28
2017-10-01,14.81,14.45,0.36
2017-11-01,13.62,13.37,0.25
2017-12-01,13.04,12.67,0.37
2018-01-01,12.68,12.44,0.24
2018-02-01,12.99,12.73,0.26
2018-03-01,13.68,13.41,0.27
2018-04-01,14.67,14.36,0.31
2018-05-01,15.51,15.26,0.25
2018-06-01,16.21,15.98,0.22
2018-07-01,16.51,16.23,0.28
2018-08-01,16.32,16.11,0.21
2018-09-01,15.65,15.45,0.20
2018-10-01,14.80,14.45,0.35
2018-11-01,13.61,13.37,0.24
2018-12-01,13.00,12.67,0.33
2019-01-01,12.73,12.44,0.28
2019-02-01,13.04,12.73,0.31
2019-03-01,13.92,13.41,0.51
2019-04-01,14.80,14.36,0.44
2019-05-01,15.62,15.26,0.36
2019-06-01,16.35,15.98,0.37
2019-07-01,16.63,16.23,0.40
2019-08-01,16.47,16.11,0.36
2019-09-01,15.82,15.45,0.38
2019-10-01,14.90,14.45,0.45
2019-11-01,13.78,13.37,0.40
2019-12-01,13.20,12.67,0.54
2020-01-01,13.02,12.44,0.58
2020-02-01,13.33,12.73,0.60
2020-03-01,13.90,13.41,0.49
2020-04-01,14.88,14.36,0.52
2020-05-01,15.73,15.26,0.47
2020-06-01,16.34,15.98,0.36
2020-07-01,16.55,16.23,0.32
2020-08-01,16.38,16.11,0.27
2020-09-01,15.88,15.45,0.43
2020-10-01,14.82,14.45,0.38
2020-11-01,13.91,13.37,0.54
2020-12-01,12.90,12.67,0.23
2021-01-01,12.69,12.44,0.24
2021-02-01,12.79,12.73,0.06
2021-03-01,13.60,13.41,0.19
2021-04-01,14.55,14.36,0.19
2021-05-01,15.52,15.26,0.26
2021-06-01,16.20,15.98,0.21
2021-07-01,16.56,16.23,0.33
2021-08-01,16.42,16.11,0.31
2021-09-01,15.85,15.45,0.40
2021-10-01,14.87,14.45,0.42
2021-11-01,13.72,13.37,0.35
2021-12-01,12.99,12.67,0.32
2022-01-01,12.72,12.44,0.28
2022-02-01,12.96,12.73,0.23
2022-03-01,13.80,13.41,0.39
2022-04-01,14.64,14.36,0.28
2022-05-01,15.52,15.26,0.26
2022-06-01,16.29,15.98,0.31
2022-07-01,16.61,16.23,0.38
2022-08-01,16.41,16.11,0.30
2022-09-01,15.80,15.45,0.35
2022-10-01,14.86,14.45,0.41
2022-11-01,13.53,13.37,0.16
2022-12-01,12.94,12.67,0.27
2023-01-01,12.69,12.44,0.25
2023-02-01,13.02,12.73,0.29
2023-03-01,13.92,13.41,0.51
2023-04-01,14.68,14.36,0.32
2023-05-01,15.66,15.26,0.40
2023-06-01,16.51,15.98,0.53
2023-07-01,16.95,16.23,0.72
2023-08-01,16.82,16.11,0.71
2023-09-01,16.38,15.45,0.93
2023-10-01,15.30,14.45,0.85
2023-11-01,14.22,13.37,0.85
